-- 25 userAccount
insert into user_account (email, password, name, phone_number, birthday, gender, created_at, modified_at)
values ('kiwanczyk0@upenn.edu', 'jY5"(uw4"NTT4.', 'Kevina', '422-486-6775', '50.129.154.98',
        'Female', '2021-05-30 23:53:46', '2021-03-10 08:48:50');
insert into user_account (email, password, name, phone_number, birthday, gender, created_at, modified_at)
values ('bivanyushin1@gnu.org', 'wQ9$m{>!fB', 'Birk', '881-143-3084', '176.22.117.154', 'Male', '2021-05-06 11:51:24', '2021-05-23 08:34:54');
insert into user_account (email, password, name, phone_number, birthday, gender, created_at, modified_at)
values ('cdockree2@networkadvertising.org', 'pZ2"PLjf', 'Cesare', '276-560-5294', '43.195.109.147',
        'Male', '2021-08-13 08:32:22', '2021-04-02 02:58:19');
insert into user_account (email, password, name, phone_number, birthday, gender, created_at, modified_at)
values ('abotwood3@foxnews.com', 'aX9G~eV%ZKiFwc', 'Adrianna', '954-517-6296', '127.159.229.42',
        'Female', '2022-01-25 16:10:23', '2021-11-08 08:47:03');
insert into user_account (email, password, name, phone_number, birthday, gender, created_at, modified_at)
values ('hbracknall4@nymag.com', 'mD9<+YqcCI', 'Heddie', '918-860-3263', '150.9.173.211', 'Female', '2022-01-26 06:33:42', '2021-12-08 11:27:30');
insert into user_account (email, password, name, phone_number, birthday, gender, created_at, modified_at)
values ('timpy5@epa.gov', 'cP3,*<3N3%P', 'Thaxter', '456-383-2894', '89.64.66.75', 'Male', '2021-05-04 19:51:29', '2021-10-09 16:52:09');
insert into user_account (email, password, name, phone_number, birthday, gender, created_at, modified_at)
values ('sgypps6@cpanel.net', 'eT0*s2YEm', 'Sindee', '957-689-9520', '117.233.40.146', 'Female', '2021-10-23 23:45:21', '2021-08-05 14:19:36');
insert into user_account (email, password, name, phone_number, birthday, gender, created_at, modified_at)
values ('scastagnet7@eepurl.com', 'zK3=`$WmCn', 'Shoshanna', '190-183-7609', '90.174.166.98',
        'Female', '2021-01-10 21:03:03', '2021-04-15 05:02:39');
insert into user_account (email, password, name, phone_number, birthday, gender, created_at, modified_at)
values ('bfrancom8@weather.com', 'gZ9.XC|J', 'Bryn', '155-947-3909', '153.247.86.6', 'Female', '2021-09-28 07:01:29', '2021-09-01 13:54:55');
insert into user_account (email, password, name, phone_number, birthday, gender, created_at, modified_at)
values ('trother9@noaa.gov', 'qK7{_bzsCG73_', 'Trudy', '577-929-0874', '21.41.225.205', 'Female', '2022-01-26 03:40:15', '2021-07-18 05:30:34');
insert into user_account (email, password, name, phone_number, birthday, gender, created_at, modified_at)
values ('mlilleymana@cnbc.com', 'nZ3&WH|v6M_D|', 'Megan', '777-630-5442', '76.168.91.38', 'Female', '2021-07-22 22:25:07', '2021-05-16 14:20:27');
insert into user_account (email, password, name, phone_number, birthday, gender, created_at, modified_at)
values ('ldonaldb@tripadvisor.com', 'bE2.&KTE`nVCe8_M', 'Libbey', '396-217-1195', '71.77.20.56',
        'Female', '2021-02-20 10:06:13', '2021-10-10 06:05:30');
insert into user_account (email, password, name, phone_number, birthday, gender, created_at, modified_at)
values ('dgarretsonc@livejournal.com', 'aK5~B0},g13', 'Darya', '872-679-7764', '199.213.126.115',
        'Female', '2021-08-17 15:14:51', '2021-10-01 13:01:41');
insert into user_account (email, password, name, phone_number, birthday, gender, created_at, modified_at)
values ('bperkisd@blogger.com', 'dS8.o*z*', 'Brannon', '716-827-6765', '132.201.32.132', 'Male', '2021-12-03 03:44:00', '2021-07-12 00:20:12');
insert into user_account (email, password, name, phone_number, birthday, gender, created_at, modified_at)
values ('rmoizere@vistaprint.com', 'wY2|%G!#tj', 'Ruthie', '108-430-8804', '46.24.60.50', 'Female', '2021-08-11 04:04:05', '2021-09-05 17:15:51');
insert into user_account (email, password, name, phone_number, birthday, gender, created_at, modified_at)
values ('jduerf@yahoo.co.jp', 'qB5)u?948*', 'Joceline', '593-185-5875', '218.92.54.100', 'Female', '2021-12-21 13:27:54', '2021-05-07 08:06:52');
insert into user_account (email, password, name, phone_number, birthday, gender, created_at, modified_at)
values ('cbriamog@behance.net', 'rB9*unlD*', 'Corry', '148-489-5535', '119.216.1.165', 'Female', '2021-06-29 13:00:35', '2021-05-11 00:47:43');
insert into user_account (email, password, name, phone_number, birthday, gender, created_at, modified_at)
values ('cbellellih@salon.com', 'tT6/$?EkdzqUR', 'Clemmie', '623-229-8573', '34.226.92.228',
        'Female', '2021-06-18 20:56:37', '2021-07-05 18:44:15');
insert into user_account (email, password, name, phone_number, birthday, gender, created_at, modified_at)
values ('mminchini@webs.com', 'mL1#J_', 'Meridith', '327-719-1725', '147.187.72.85', 'Female', '2021-06-16 12:20:50', '2021-01-26 02:34:46');
insert into user_account (email, password, name, phone_number, birthday, gender, created_at, modified_at)
values ('tpelhamj@google.cn', 'fU0=M,)72&O7', 'Trace', '633-210-4260', '107.219.8.129', 'Male', '2021-12-17 17:42:09', '2021-06-28 19:55:49');
insert into user_account (email, password, name, phone_number, birthday, gender, created_at, modified_at)
values ('njindrakk@google.com.br', 'fE6vjPj', 'Nelle', '173-825-4880', '213.147.208.229',
        'Female', '2021-06-11 13:47:12', '2021-11-30 13:45:21');
insert into user_account (email, password, name, phone_number, birthday, gender, created_at, modified_at)
values ('psimcoel@sciencedirect.com', 'rD98pD=JvSjt3Q', 'Price', '658-347-3084', '55.193.196.206',
        'Male', '2021-09-01 00:39:21', '2021-06-20 13:09:41');
insert into user_account (email, password, name, phone_number, birthday, gender, created_at, modified_at)
values ('agodonm@squidoo.com', 'kM2=C5mrl{', 'Annnora', '446-576-9384', '190.25.75.142', 'Female', '2021-04-13 02:59:34', '2021-01-26 00:43:20');
insert into user_account (email, password, name, phone_number, birthday, gender, created_at, modified_at)
values ('kdockseyn@unblog.fr', 'wG2w%mRQG"Gm', 'Kiah', '851-317-6501', '62.75.14.208', 'Female', '2021-05-18 21:27:32', '2021-04-26 23:42:00');
insert into user_account (email, password, name, phone_number, birthday, gender, created_at, modified_at)
values ('bsimkovicho@booking.com', 'yG4Y#o@Bd', 'Brendin', '973-116-5511', '254.6.138.64',
        'Genderqueer', '2022-01-09 16:49:14', '2021-01-30 05:24:22');


-- 15 uesrReservation
insert into user_reservation (user_account_email, hospital_name, tx_list, created_at, modified_at)
values ('kiwanczyk0@upenn.edu', 'Verapamil', 'Drama|War', '2023-02-01 01:23:20', '2021-06-24 17:50:44');
insert into user_reservation (user_account_email, hospital_name, tx_list, created_at, modified_at)
values ('kdockseyn@unblog.fr', 'Zosyn', 'Horror', '2023-02-05 15:37:16', '2021-11-18 17:42:45');
insert into user_reservation (user_account_email, hospital_name, tx_list, created_at, modified_at)
values ('bsimkovicho@booking.com', 'Dover Aminophen', 'Documentary', '2023-07-27 04:31:50', '2021-01-15 04:11:23');
insert into user_reservation (user_account_email, hospital_name, tx_list, created_at, modified_at)
values ('rmoizere@vistaprint.com', 'Lamotrigine', 'Drama', '2023-07-18 15:13:04', '2021-06-21 07:33:19');
insert into user_reservation (user_account_email, hospital_name, tx_list, created_at, modified_at)
values ('bfrancom8@weather.com', 'Smart San ES Hand Sanitizer Spray', 'Documentary',
        '2022-11-19 21:48:10', '2022-01-24 21:15:02');
insert into user_reservation (user_account_email, hospital_name, tx_list, created_at, modified_at)
values ('timpy5@epa.gov', 'ZYPREXA', 'Mystery|Romance|Thriller', '2023-06-18 16:12:10', '2021-10-27 03:27:56');
insert into user_reservation (user_account_email, hospital_name, tx_list, created_at, modified_at)
values ('cdockree2@networkadvertising.org', 'Ramipril', 'Action|Crime|Drama', '2023-07-16 19:27:30', '2021-09-16 12:49:52');
insert into user_reservation (user_account_email, hospital_name, tx_list, created_at, modified_at)
values ('bperkisd@blogger.com', 'Levitra', 'Fantasy|Romance', '2023-02-01 19:18:21', '2021-09-09 14:57:16');
insert into user_reservation (user_account_email, hospital_name, tx_list, created_at, modified_at)
values ('njindrakk@google.com.br', 'Dexamethasone', 'Action|Drama|War', '2023-06-15 11:43:08', '2021-10-04 04:51:02');
insert into user_reservation (user_account_email, hospital_name, tx_list, created_at, modified_at)
values ('bfrancom8@weather.com', 'St. Ives Blemish and Blackhead Control', 'Drama|Film-Noir',
        '2023-03-16 05:46:06', '2022-01-19 22:52:00');
insert into user_reservation (user_account_email, hospital_name, tx_list, created_at, modified_at)
values ('psimcoel@sciencedirect.com', 'Lovastatin', 'Comedy', '2022-08-28 21:44:32', '2021-09-22 23:51:12');
insert into user_reservation (user_account_email, hospital_name, tx_list, created_at, modified_at)
values ('trother9@noaa.gov', 'Pepcid', 'Animation|Children|Sci-Fi', '2023-03-30 18:23:33', '2021-09-04 09:45:28');
insert into user_reservation (user_account_email, hospital_name, tx_list, created_at, modified_at)
values ('abotwood3@foxnews.com', 'Metoprolol succinate', 'Crime|Drama', '2022-12-15 13:10:28', '2021-05-04 04:31:17');
insert into user_reservation (user_account_email, hospital_name, tx_list, created_at, modified_at)
values ('trother9@noaa.gov', 'Sinus Relief PE', 'Western', '2023-02-16 21:09:50', '2021-11-21 10:40:03');
insert into user_reservation (user_account_email, hospital_name, tx_list, created_at, modified_at)
values ('sgypps6@cpanel.net', 'Oxy Face Wash', 'Crime|Drama|Film-Noir',
        '2023-04-08 08:36:22', '2021-08-08 01:49:02');


-- 10 HptReception
insert into hospital_reception (user_account_email, user_reservation_id)
values ('timpy5@epa.gov', 6);
insert into hospital_reception (user_account_email, user_reservation_id)
values ('cdockree2@networkadvertising.org', 7);
insert into hospital_reception (user_account_email, user_reservation_id)
values ('trother9@noaa.gov', 14);
insert into hospital_reception (user_account_email, user_reservation_id)
values ('kdockseyn@unblog.fr', 2);
insert into hospital_reception (user_account_email, user_reservation_id)
values ('bfrancom8@weather.com', 5);
insert into hospital_reception (user_account_email, user_reservation_id)
values ('trother9@noaa.gov', 12);
insert into hospital_reception (user_account_email, user_reservation_id)
values ('bsimkovicho@booking.com', 3);
insert into hospital_reception (user_account_email, user_reservation_id)
values ('bfrancom8@weather.com', 10);
insert into hospital_reception (user_account_email, user_reservation_id)
values ('psimcoel@sciencedirect.com', 11);
insert into hospital_reception (user_account_email, user_reservation_id)
values ('kiwanczyk0@upenn.edu', 1);