-- 25 userAccount
insert into user_account (email, password, name, phone_number, birthday, gender)
values ('kiwanczyk0@upenn.edu', 'jY5"(uw4"NTT4.', 'Kevina', '422-486-6775', '50.129.154.98',
        'Female');
insert into user_account (email, password, name, phone_number, birthday, gender)
values ('bivanyushin1@gnu.org', 'wQ9$m{>!fB', 'Birk', '881-143-3084', '176.22.117.154', 'Male');
insert into user_account (email, password, name, phone_number, birthday, gender)
values ('cdockree2@networkadvertising.org', 'pZ2"PLjf', 'Cesare', '276-560-5294', '43.195.109.147',
        'Male');
insert into user_account (email, password, name, phone_number, birthday, gender)
values ('abotwood3@foxnews.com', 'aX9G~eV%ZKiFwc', 'Adrianna', '954-517-6296', '127.159.229.42',
        'Female');
insert into user_account (email, password, name, phone_number, birthday, gender)
values ('hbracknall4@nymag.com', 'mD9<+YqcCI', 'Heddie', '918-860-3263', '150.9.173.211', 'Female');
insert into user_account (email, password, name, phone_number, birthday, gender)
values ('timpy5@epa.gov', 'cP3,*<3N3%P', 'Thaxter', '456-383-2894', '89.64.66.75', 'Male');
insert into user_account (email, password, name, phone_number, birthday, gender)
values ('sgypps6@cpanel.net', 'eT0*s2YEm', 'Sindee', '957-689-9520', '117.233.40.146', 'Female');
insert into user_account (email, password, name, phone_number, birthday, gender)
values ('scastagnet7@eepurl.com', 'zK3=`$WmCn', 'Shoshanna', '190-183-7609', '90.174.166.98',
        'Female');
insert into user_account (email, password, name, phone_number, birthday, gender)
values ('bfrancom8@weather.com', 'gZ9.XC|J', 'Bryn', '155-947-3909', '153.247.86.6', 'Female');
insert into user_account (email, password, name, phone_number, birthday, gender)
values ('trother9@noaa.gov', 'qK7{_bzsCG73_', 'Trudy', '577-929-0874', '21.41.225.205', 'Female');
insert into user_account (email, password, name, phone_number, birthday, gender)
values ('mlilleymana@cnbc.com', 'nZ3&WH|v6M_D|', 'Megan', '777-630-5442', '76.168.91.38', 'Female');
insert into user_account (email, password, name, phone_number, birthday, gender)
values ('ldonaldb@tripadvisor.com', 'bE2.&KTE`nVCe8_M', 'Libbey', '396-217-1195', '71.77.20.56',
        'Female');
insert into user_account (email, password, name, phone_number, birthday, gender)
values ('dgarretsonc@livejournal.com', 'aK5~B0},g13', 'Darya', '872-679-7764', '199.213.126.115',
        'Female');
insert into user_account (email, password, name, phone_number, birthday, gender)
values ('bperkisd@blogger.com', 'dS8.o*z*', 'Brannon', '716-827-6765', '132.201.32.132', 'Male');
insert into user_account (email, password, name, phone_number, birthday, gender)
values ('rmoizere@vistaprint.com', 'wY2|%G!#tj', 'Ruthie', '108-430-8804', '46.24.60.50', 'Female');
insert into user_account (email, password, name, phone_number, birthday, gender)
values ('jduerf@yahoo.co.jp', 'qB5)u?948*', 'Joceline', '593-185-5875', '218.92.54.100', 'Female');
insert into user_account (email, password, name, phone_number, birthday, gender)
values ('cbriamog@behance.net', 'rB9*unlD*', 'Corry', '148-489-5535', '119.216.1.165', 'Female');
insert into user_account (email, password, name, phone_number, birthday, gender)
values ('cbellellih@salon.com', 'tT6/$?EkdzqUR', 'Clemmie', '623-229-8573', '34.226.92.228',
        'Female');
insert into user_account (email, password, name, phone_number, birthday, gender)
values ('mminchini@webs.com', 'mL1#J_', 'Meridith', '327-719-1725', '147.187.72.85', 'Female');
insert into user_account (email, password, name, phone_number, birthday, gender)
values ('tpelhamj@google.cn', 'fU0=M,)72&O7', 'Trace', '633-210-4260', '107.219.8.129', 'Male');
insert into user_account (email, password, name, phone_number, birthday, gender)
values ('njindrakk@google.com.br', 'fE6vjPj', 'Nelle', '173-825-4880', '213.147.208.229',
        'Female');
insert into user_account (email, password, name, phone_number, birthday, gender)
values ('psimcoel@sciencedirect.com', 'rD98pD=JvSjt3Q', 'Price', '658-347-3084', '55.193.196.206',
        'Male');
insert into user_account (email, password, name, phone_number, birthday, gender)
values ('agodonm@squidoo.com', 'kM2=C5mrl{', 'Annnora', '446-576-9384', '190.25.75.142', 'Female');
insert into user_account (email, password, name, phone_number, birthday, gender)
values ('kdockseyn@unblog.fr', 'wG2w%mRQG"Gm', 'Kiah', '851-317-6501', '62.75.14.208', 'Female');
insert into user_account (email, password, name, phone_number, birthday, gender)
values ('bsimkovicho@booking.com', 'yG4Y#o@Bd', 'Brendin', '973-116-5511', '254.6.138.64',
        'Genderqueer');


-- 15 uesrReservation
insert into user_reservation (user_account_email, hospital_name, tx_list, reservation_date)
values ('kiwanczyk0@upenn.edu', 'Verapamil', 'Drama|War', '2023-02-01 01:23:20');
insert into user_reservation (user_account_email, hospital_name, tx_list, reservation_date)
values ('kdockseyn@unblog.fr', 'Zosyn', 'Horror', '2023-02-05 15:37:16');
insert into user_reservation (user_account_email, hospital_name, tx_list, reservation_date)
values ('bsimkovicho@booking.com', 'Dover Aminophen', 'Documentary', '2023-07-27 04:31:50');
insert into user_reservation (user_account_email, hospital_name, tx_list, reservation_date)
values ('rmoizere@vistaprint.com', 'Lamotrigine', 'Drama', '2023-07-18 15:13:04');
insert into user_reservation (user_account_email, hospital_name, tx_list, reservation_date)
values ('bfrancom8@weather.com', 'Smart San ES Hand Sanitizer Spray', 'Documentary',
        '2022-11-19 21:48:10');
insert into user_reservation (user_account_email, hospital_name, tx_list, reservation_date)
values ('timpy5@epa.gov', 'ZYPREXA', 'Mystery|Romance|Thriller', '2023-06-18 16:12:10');
insert into user_reservation (user_account_email, hospital_name, tx_list, reservation_date)
values ('cdockree2@networkadvertising.org', 'Ramipril', 'Action|Crime|Drama', '2023-07-16 19:27:30');
insert into user_reservation (user_account_email, hospital_name, tx_list, reservation_date)
values ('bperkisd@blogger.com', 'Levitra', 'Fantasy|Romance', '2023-02-01 19:18:21');
insert into user_reservation (user_account_email, hospital_name, tx_list, reservation_date)
values ('njindrakk@google.com.br', 'Dexamethasone', 'Action|Drama|War', '2023-06-15 11:43:08');
insert into user_reservation (user_account_email, hospital_name, tx_list, reservation_date)
values ('bfrancom8@weather.com', 'St. Ives Blemish and Blackhead Control', 'Drama|Film-Noir',
        '2023-03-16 05:46:06');
insert into user_reservation (user_account_email, hospital_name, tx_list, reservation_date)
values ('psimcoel@sciencedirect.com', 'Lovastatin', 'Comedy', '2022-08-28 21:44:32');
insert into user_reservation (user_account_email, hospital_name, tx_list, reservation_date)
values ('trother9@noaa.gov', 'Pepcid', 'Animation|Children|Sci-Fi', '2023-03-30 18:23:33');
insert into user_reservation (user_account_email, hospital_name, tx_list, reservation_date)
values ('abotwood3@foxnews.com', 'Metoprolol succinate', 'Crime|Drama', '2022-12-15 13:10:28');
insert into user_reservation (user_account_email, hospital_name, tx_list, reservation_date)
values ('trother9@noaa.gov', 'Sinus Relief PE', 'Western', '2023-02-16 21:09:50');
insert into user_reservation (user_account_email, hospital_name, tx_list, reservation_date)
values ('sgypps6@cpanel.net', 'Oxy Face Wash', 'Crime|Drama|Film-Noir',
        '2023-04-08 08:36:22');


-- 10 HptReception
insert into hospital_reception (user_account_email, user_reservation_id)
values ('timpy5@epa.gov', 6);
insert into hospital_reception (user_account_email, user_reservation_id)
values ('cdockree2@networkadvertising.org', 7);
insert into hospital_reception (user_account_email, user_reservation_id)
values ('trother9@noaa.gov', 14);
insert into hospital_reception (user_account_email, user_reservation_id)
values ('kdockseyn@unblog.fr', 2);
insert into hospital_reception (user_account_email, user_reservation_id)
values ('bfrancom8@weather.com', 5);
insert into hospital_reception (user_account_email, user_reservation_id)
values ('trother9@noaa.gov', 12);
insert into hospital_reception (user_account_email, user_reservation_id)
values ('bsimkovicho@booking.com', 3);
insert into hospital_reception (user_account_email, user_reservation_id)
values ('bfrancom8@weather.com', 10);
insert into hospital_reception (user_account_email, user_reservation_id)
values ('psimcoel@sciencedirect.com', 11);
insert into hospital_reception (user_account_email, user_reservation_id)
values ('kiwanczyk0@upenn.edu', 1);